{
  "scaler_params": {
    "avg_decision_time": {
      "mean": 3191.4556,
      "std": 866.2365589541,
      "min": 500.0,
      "max": 7993.0
    },
    "decision_time_variance": {
      "mean": 1001880.2286,
      "std": 539887.5073888239,
      "min": 59081.5,
      "max": 2414887.5
    },
    "time_pressure_performance": {
      "mean": 0.5,
      "std": 0.25,
      "min": 0,
      "max": 1
    },
    "move_accuracy": {
      "mean": 0.6343983,
      "std": 0.1692513452446095,
      "min": 0.1401,
      "max": 1.0
    },
    "error_rate": {
      "mean": 0.3606035,
      "std": 0.17885795782617558,
      "min": 0.0,
      "max": 0.9021
    },
    "optimal_play_rate": {
      "mean": 0.31611090000000003,
      "std": 0.15531764990235333,
      "min": 0.0,
      "max": 0.8939
    },
    "pattern_success_rate": {
      "mean": 0.584386,
      "std": 0.16106198118736775,
      "min": 0.0799,
      "max": 1.0
    },
    "pattern_complexity": {
      "mean": 2.5,
      "std": 1.25,
      "min": 0,
      "max": 5
    },
    "consistency_score": {
      "mean": 0.611566,
      "std": 0.16712021051925466,
      "min": 0.0619,
      "max": 1.0
    },
    "improvement_rate": {
      "mean": 0.022065800000000003,
      "std": 0.0483880674377475,
      "min": -0.1387,
      "max": 0.1881
    },
    "strategic_move_rate": {
      "mean": 0.35617240000000006,
      "std": 0.1537011329764358,
      "min": 0.0,
      "max": 0.8966
    },
    "strategic_depth": {
      "mean": 0.30593270000000006,
      "std": 0.12101468035205482,
      "min": 0.0248,
      "max": 1.0
    },
    "memory_accuracy": {
      "mean": 0.5122911,
      "std": 0.14814143124322107,
      "min": 0.0609,
      "max": 0.9599
    },
    "logical_reasoning": {
      "mean": 0.4835971,
      "std": 0.14907373464695248,
      "min": 0.0453,
      "max": 0.988
    },
    "arithmetic_speed": {
      "mean": 0.5,
      "std": 0.25,
      "min": 0,
      "max": 1
    },
    "vocabulary_score": {
      "mean": 0.5,
      "std": 0.25,
      "min": 0,
      "max": 1
    },
    "session_duration": {
      "mean": 1830.0,
      "std": 885.0,
      "min": 60,
      "max": 3600
    },
    "games_played": {
      "mean": 25.5,
      "std": 12.25,
      "min": 1,
      "max": 50
    },
    "win_rate": {
      "mean": 0.6382508,
      "std": 0.4064065446807667,
      "min": 0.0,
      "max": 1.0
    }
  },
  "fitted": true
}