{
  "model_type": "random_forest",
  "is_trained": true,
  "training_metadata": {
    "model_type": "random_forest",
    "n_samples": 1000,
    "n_features": 8,
    "train_r2": 0.9737017609734783,
    "test_r2": 0.8710635687137454,
    "test_mse": 59.20419280925323,
    "test_mae": 6.1597671631811775,
    "test_rmse": 7.694426087061545,
    "cv_mean": 0.8920598779843131,
    "cv_std": 0.004263691380457013,
    "feature_importances": {
      "avg_decision_time": 0.019587796287295307,
      "decision_time_variance": 0.007495035262416734,
      "move_accuracy": 0.20123655969652118,
      "error_rate": 0.023375707957654052,
      "pattern_success_rate": 0.2663772289712517,
      "consistency_score": 0.36321793458111595,
      "improvement_rate": 0.0057000342036691,
      "win_rate": 0.11300970304007595
    }
  }
}