{
  "model_type": "random_forest",
  "is_trained": true,
  "training_metadata": {
    "model_type": "random_forest",
    "n_samples": 1000,
    "n_features": 8,
    "train_r2": 0.9715660540247967,
    "test_r2": 0.8815917127213897,
    "test_mse": 16.77431191659325,
    "test_mae": 3.2199302362652986,
    "test_rmse": 4.095645482288872,
    "cv_mean": 0.8938890542699237,
    "cv_std": 0.011993177677641227,
    "feature_importances": {
      "avg_decision_time": 0.027325914356750847,
      "decision_time_variance": 0.006930857701551574,
      "move_accuracy": 0.11678745512439023,
      "error_rate": 0.03447929181358448,
      "pattern_success_rate": 0.01855648225783066,
      "consistency_score": 0.06884911220400712,
      "improvement_rate": 0.007377169141697574,
      "win_rate": 0.7196937174001875
    }
  }
}