{
  "scaler_params": {
    "avg_decision_time": {
      "mean": 3932.669583124172,
      "std": 1905.5035472517143,
      "min": 500.0,
      "max": 10000.0
    },
    "decision_time_variance": {
      "mean": 1532117.065783731,
      "std": 842597.7550217151,
      "min": 101478.96814623635,
      "max": 2998406.516676694
    },
    "time_pressure_performance": {
      "mean": 0.5,
      "std": 0.25,
      "min": 0,
      "max": 1
    },
    "move_accuracy": {
      "mean": 0.5756982308966181,
      "std": 0.20141786983053117,
      "min": 0.043824843794198154,
      "max": 1.0
    },
    "error_rate": {
      "mean": 0.22578640674433248,
      "std": 0.14079208156282408,
      "min": 0.0,
      "max": 0.8380735606630917
    },
    "optimal_play_rate": {
      "mean": 0.22900733272776222,
      "std": 0.17499364194593808,
      "min": 0.0,
      "max": 0.7533685078935904
    },
    "pattern_success_rate": {
      "mean": 0.5326952482861218,
      "std": 0.20528243440221744,
      "min": 0.009376184899010265,
      "max": 1.0
    },
    "pattern_complexity": {
      "mean": 2.5,
      "std": 1.25,
      "min": 0,
      "max": 5
    },
    "consistency_score": {
      "mean": 0.5762645259314267,
      "std": 0.1987993386809706,
      "min": 0.0047370382489757,
      "max": 1.0
    },
    "improvement_rate": {
      "mean": 0.019725977674779935,
      "std": 0.05117156659004572,
      "min": -0.1253494109660821,
      "max": 0.1888691459541323
    },
    "strategic_move_rate": {
      "mean": 0.22997460814444956,
      "std": 0.17430114937202493,
      "min": 0.0,
      "max": 0.726382848729692
    },
    "strategic_depth": {
      "mean": 0.4915932956020558,
      "std": 0.221352938473756,
      "min": 0.0,
      "max": 1.0
    },
    "memory_accuracy": {
      "mean": 0.5699037830297804,
      "std": 0.21919600226627642,
      "min": 0.0,
      "max": 1.0
    },
    "logical_reasoning": {
      "mean": 0.5342652978188386,
      "std": 0.20752989544391148,
      "min": 0.0,
      "max": 1.0
    },
    "arithmetic_speed": {
      "mean": 0.5,
      "std": 0.25,
      "min": 0,
      "max": 1
    },
    "vocabulary_score": {
      "mean": 0.5,
      "std": 0.25,
      "min": 0,
      "max": 1
    },
    "session_duration": {
      "mean": 1830.0,
      "std": 885.0,
      "min": 60,
      "max": 3600
    },
    "games_played": {
      "mean": 25.5,
      "std": 12.25,
      "min": 1,
      "max": 50
    },
    "win_rate": {
      "mean": 0.5747068281246307,
      "std": 0.20821701406841514,
      "min": 0.03420367395467583,
      "max": 1.0
    }
  },
  "fitted": true
}