{
  "scaler_params": {
    "avg_decision_time": {
      "mean": 3888.943874346277,
      "std": 1904.659172580944,
      "min": 500.0,
      "max": 10000.0
    },
    "decision_time_variance": {
      "mean": 1561431.1060227312,
      "std": 832806.6878366142,
      "min": 100089.08465160901,
      "max": 2998431.294840566
    },
    "time_pressure_performance": {
      "mean": 0.5,
      "std": 0.25,
      "min": 0,
      "max": 1
    },
    "move_accuracy": {
      "mean": 0.5753565938198304,
      "std": 0.2003117063587488,
      "min": 0.054325294313652045,
      "max": 1.0
    },
    "error_rate": {
      "mean": 0.2224221296509256,
      "std": 0.14076080568192334,
      "min": 0.0,
      "max": 0.7695335398198389
    },
    "optimal_play_rate": {
      "mean": 0.41954387961793216,
      "std": 0.24809285434769632,
      "min": 0.0,
      "max": 0.98981273176629
    },
    "pattern_success_rate": {
      "mean": 0.5318716272512295,
      "std": 0.20399661138403255,
      "min": 0.0,
      "max": 1.0
    },
    "pattern_complexity": {
      "mean": 2.5,
      "std": 1.25,
      "min": 0,
      "max": 5
    },
    "consistency_score": {
      "mean": 0.5750510055016517,
      "std": 0.20034381180116273,
      "min": 0.03592143644245954,
      "max": 1.0
    },
    "improvement_rate": {
      "mean": 0.01759520270119017,
      "std": 0.050548788176332536,
      "min": -0.15357149459691916,
      "max": 0.15718545846684298
    },
    "strategic_depth": {
      "mean": 0.49306410471134493,
      "std": 0.22250255079015907,
      "min": 0.0,
      "max": 1.0
    },
    "memory_accuracy": {
      "mean": 0.5754257967143795,
      "std": 0.22235259618297806,
      "min": 0.0,
      "max": 1.0
    },
    "logical_reasoning": {
      "mean": 0.5298565144843576,
      "std": 0.2053007571693147,
      "min": 0.0,
      "max": 0.9700695356143967
    },
    "arithmetic_speed": {
      "mean": 0.5,
      "std": 0.25,
      "min": 0,
      "max": 1
    },
    "vocabulary_score": {
      "mean": 0.5,
      "std": 0.25,
      "min": 0,
      "max": 1
    },
    "session_duration": {
      "mean": 1830.0,
      "std": 885.0,
      "min": 60,
      "max": 3600
    },
    "games_played": {
      "mean": 25.5,
      "std": 12.25,
      "min": 1,
      "max": 50
    },
    "win_rate": {
      "mean": 0.5748110283470297,
      "std": 0.20994446051059557,
      "min": 0.0,
      "max": 1.0
    }
  },
  "fitted": true
}