{
  "training_date": "2026-03-03T23:44:48.656467",
  "model_type": "random_forest",
  "n_samples": 2000,
  "skill_predictor": {
    "test_accuracy": 0.98,
    "cv_score": 0.9824999999999999
  },
  "performance_estimator": {
    "test_r2": 0.8895687214173622,
    "test_rmse": 7.319500174891816
  }
}